"12021      ";"ACCEGLIO                      ";"CN";"2"
"02011      ";"ACCUMOLI                      ";"RI";"2"
"39032      ";"ACERETO                       ";"BZ";"2"
"32043      ";"ACQUABONA                     ";"BL";"2"
"39058      ";"AFINGSBRUGG                   ";"BZ";"2"
"18010      ";"AGAGGIO INFERIORE             ";"IM";"2"
"18010      ";"AGAGGIO SUPERIORE             ";"IM";"2"
"39030      ";"AIAREI                        ";"BZ";"2"
"12010      ";"AISONE                        ";"CN";"2"
"02016      ";"ALBANETO                      ";"RI";"2"
"43051      ";"ALBARETO                      ";"PR";"2"
"12020      ";"ALBARETTO VALLE MACR          ";"CN";"2"
"10039      ";"ALICE SUPERIORE               ";"TO";"2"
"39023      ";"ALLIZ                         ";"BZ";"2"
"12020      ";"ALMA                          ";"CN";"2"
"28861      ";"ALPE CRAMPIOLO                ";"VB";"2"
"23831      ";"ALPE DI PAGLIO                ";"LC";"2"
"39040      ";"ALPE DI SIUSI                 ";"BZ";"2"
"23831      ";"ALPE GIUMELLO                 ";"LC";"2"
"39020      ";"ALTA VAL MARTELLO             ";"BZ";"2"
"88832      ";"ALTILIA                       ";"KR";"2"
"12070      ";"ALTO                          ";"CN";"2"
"38049      ";"ALTOPIANO DELLA VIGOLANA      ";"TN";"2"
"83040      ";"ALVANO                        ";"AV";"2"
"84011      ";"AMALFI                        ";"SA";"2"
"02012      ";"AMATRICE                      ";"RI";"2"
"83040      ";"ANDRETTA                      ";"AV";"2"
"10060      ";"ANGROGNA                      ";"TO";"2"
"39030      ";"ANTERSELVA DI MEZZO           ";"BZ";"2"
"39030      ";"ANTERSELVA DI SOPRA           ";"BZ";"2"
"39030      ";"ANTERSELVA DI SOTTO           ";"BZ";"2"
"28841      ";"ANTRONA                       ";"VB";"2"
"28841      ";"ANTRONA SCHIERANCO            ";"VB";"2"
"28841      ";"ANTRONAPIANA                  ";"VB";"2"
"23031      ";"APRICA                        ";"SO";"2"
"18035      ";"APRICALE                      ";"IM";"2"
"83041      ";"AQUILONIA                     ";"AV";"2"
"32020      ";"ARABBA                        ";"BL";"2"
"12010      ";"ARGENTERA                     ";"CN";"2"
"12050      ";"ARGUELLO                      ";"CN";"2"
"09040      ";"ARMUNGIA                      ";"CA";"2"
"80069      ";"AROLA                         ";"NA";"2"
"12083      ";"ARTESINA                      ";"CN";"2"
"02020      ";"ASCREA                        ";"RI";"2"
"84010      ";"ATRANI                        ";"SA";"2"
"32041      ";"AURONZO                       ";"BL";"2"
"32041      ";"AURONZO DI CADORE             ";"BL";"2"
"39027      ";"BACINO DI RESIA               ";"BZ";"2"
"39016      ";"BACINO DI ZOCCOLO             ";"BZ";"2"
"52014      ";"BADIA PRATAGLIA               ";"AR";"2"
"39050      ";"BAGNI DI LAVINA BIANCA        ";"BZ";"2"
"39010      ";"BAGNI DI MEZZO                ";"BZ";"2"
"38020      ";"BAGNI DI RABBI                ";"TN";"2"
"12010      ";"BAGNI DI VINADIO              ";"CN";"2"
"39010      ";"BAGNO LAD                     ";"BZ";"2"
"38030      ";"BAIT                          ";"TN";"2"
"18031      ";"BAJARDO                       ";"IM";"2"
"09040      ";"BALLAO                        ";"CA";"2"
"38040      ";"BARCATTA                      ";"TN";"2"
"43032      ";"BARDI                         ";"PR";"2"
"08042      ";"BARI SARDO                    ";"NU";"2"
"08042      ";"BARI SARDO                    ";"OG";"2"
"09021      ";"BARUMINI                      ";"CA";"2"
"09021      ";"BARUMINI                      ";"VS";"2"
"12070      ";"BATTIFOLLO                    ";"CN";"2"
"08040      ";"BAUNEI                        ";"NU";"2"
"08040      ";"BAUNEI                        ";"OG";"2"
"43041      ";"BEDONIA                       ";"PR";"2"
"12020      ";"BELLINO                       ";"CN";"2"
"39027      ";"BELPIANO                      ";"BZ";"2"
"84019      ";"BENINCASA                     ";"SA";"2"
"12074      ";"BERGOLO                       ";"CN";"2"
"47018      ";"BERLETA                       ";"FO";"2"
"12010      ";"BERSEZIO                      ";"CN";"2"
"29021      ";"BETTOLA                       ";"PC";"2"
"39030      ";"BIEI RONCO                    ";"BZ";"2"
"52010      ";"BIFORCO                       ";"AR";"2"
"83044      ";"BISACCIA                      ";"AV";"2"
"11020      ";"BLAVY                         ";"AO";"2"
"10060      ";"BOBBIO PELLICE                ";"TO";"2"
"43032      ";"BOCCOLO DE' TASSI             ";"PR";"2"
"38020      ";"BOGIOI                        ";"TN";"2"
"23020      ";"BOIROLO                       ";"SO";"2"
"19011      ";"BONASSOLA                     ";"SP";"2"
"02010      ";"BORBONA                       ";"RI";"2"
"43043      ";"BORGO VAL DI TARO             ";"PR";"2"
"23032      ";"BORMIO                        ";"SO";"2"
"23032      ";"BORMIO 2000                   ";"SO";"2"
"39030      ";"BOSCAROLI                     ";"BZ";"2"
"12082      ";"BOSSEA                        ";"CN";"2"
"38049      ";"BRACAGNOLI                    ";"TN";"2"
"39030      ";"BRAIES                        ";"BZ";"2"
"39030      ";"BRAIES DI DENTRO              ";"BZ";"2"
"39030      ";"BRAIES DI FUORI               ";"BZ";"2"
"39030      ";"BRAIES VECCHIA                ";"BZ";"2"
"39041      ";"BRENNERO                      ";"BZ";"2"
"39050      ";"BRIE'                         ";"BZ";"2"
"10080      ";"BROSSO                        ";"TO";"2"
"09010      ";"BUGGERRU                      ";"CA";"2"
"09010      ";"BUGGERRU                      ";"CI";"2"
"39040      ";"BULLA                         ";"BZ";"2"
"39020      ";"BURGONE                       ";"BZ";"2"
"39024      ";"BURGUSIO                      ";"BZ";"2"
"33081      ";"BUSA DI VILLOTTA              ";"PN";"2"
"15060      ";"CABELLA LIGURE                ";"AL";"2"
"39030      ";"CADIPIETRA                    ";"BZ";"2"
"38020      ";"CAGLIARI                      ";"TN";"2"
"83040      ";"CAIRANO                       ";"AV";"2"
"83040      ";"CALABRITTO                    ";"AV";"2"
"29022      ";"CALDAROLA                     ";"PC";"2"
"83045      ";"CALITRI                       ";"AV";"2"
"92010      ";"CALTABELLOTTA                 ";"AG";"2"
"39032      ";"CAMINATA DI TURES             ";"BZ";"2"
"47010      ";"CAMPIGNA                      ";"FO";"2"
"32040      ";"CAMPITELLO                    ";"BL";"2"
"39030      ";"CAMPO                         ";"BZ";"2"
"39040      ";"CAMPO DI TRENS                ";"BZ";"2"
"39032      ";"CAMPO TURES                   ";"BZ";"2"
"39058      ";"CAMPOLASTA                    ";"BZ";"2"
"32045      ";"CAMPOLONGO DI CADORE          ";"BL";"2"
"67013      ";"CAMPOTOSTO                    ";"AQ";"2"
"32040      ";"CANDIDE                       ";"BL";"2"
"25050      ";"CANE'                         ";"BS";"2"
"12020      ";"CANOSIO                       ";"CN";"2"
"38050      ";"CAORIA                        ";"TN";"2"
"15060      ";"CAPANNE DI COSOLA             ";"AL";"2"
"80067      ";"CAPO DI SORRENTO              ";"NA";"2"
"12070      ";"CAPRAUNA                      ";"CN";"2"
"38030      ";"CAPRIANA                      ";"TN";"2"
"39027      ";"CAPRONE                       ";"BZ";"2"
"40046      ";"CAPUGNANO                     ";"BO";"2"
"13026      ";"CARCOFORO                     ";"VC";"2"
"08040      ";"CARDEDU                       ";"NU";"2"
"08040      ";"CARDEDU                       ";"OG";"2"
"88817      ";"CARFIZZI                      ";"KR";"2"
"18028      ";"CARPASIO                      ";"IM";"2"
"12020      ";"CARTIGNANO                    ";"CN";"2"
"38040      ";"CASANOVA                      ";"TN";"2"
"38040      ";"CASATTA                       ";"TN";"2"
"25056      ";"CASE DI VISIO                 ";"BS";"2"
"39016      ";"CASERA                        ";"BZ";"2"
"39030      ";"CASERE                        ";"BZ";"2"
"38020      ";"CASNA                         ";"TN";"2"
"48032      ";"CASOLA VALSENIO               ";"RA";"2"
"96010      ";"CASSARO                       ";"SR";"2"
"40048      ";"CASTEL DELL'ALPI              ";"BO";"2"
"02020      ";"CASTEL DI TORA                ";"RI";"2"
"12020      ";"CASTELDELFINO                 ";"CN";"2"
"12070      ";"CASTELLETTO UZZONE            ";"CN";"2"
"12020      ";"CASTELMAGNO                   ";"CN";"2"
"10080      ";"CASTELNUOVO NIGRA             ";"TO";"2"
"39040      ";"CASTELPIETRA                  ";"BZ";"2"
"88834      ";"CASTELSILANO                  ";"KR";"2"
"90030      ";"CASTRONOVO DI SICILIA         ";"PA";"2"
"28827      ";"CAVAGLIO-SPOCCIA              ";"VB";"2"
"38020      ";"CAVALLAR                      ";"TN";"2"
"33018      ";"CAVE DEL PREDIL               ";"UD";"2"
"12020      ";"CELLE DI MACRA                ";"CN";"2"
"39023      ";"CENGLES                       ";"BZ";"2"
"28875      ";"CEPPO MORELLI                 ";"VB";"2"
"38020      ";"CERESE'                       ";"TN";"2"
"29020      ";"CERIGNALE                     ";"PC";"2"
"84010      ";"CETARA                        ";"SA";"2"
"12020      ";"CHIANALE                      ";"CN";"2"
"33020      ";"CHIANZUTAN                    ";"UD";"2"
"32046      ";"CHIAPUZZA                     ";"BL";"2"
"23023      ";"CHIAREGGIO                    ";"SO";"2"
"25050      ";"CHIGAZZOLO                    ";"BS";"2"
"39030      ";"CIAMPEI                       ";"BZ";"2"
"32040      ";"CIBIANA DI CADORE             ";"BL";"2"
"39027      ";"CIMA DI GRIAN                 ";"BZ";"2"
"38049      ";"CIOLI                         ";"TN";"2"
"25050      ";"CISLANO                       ";"BS";"2"
"02010      ";"CITTAREALE                    ";"RI";"2"
"33080      ";"CLAUT                         ";"PN";"2"
"39024      ";"CLUSIO                        ";"BZ";"2"
"33018      ";"COCCAU DI SOPRA               ";"UD";"2"
"10070      ";"COL SAN GIOVANNI              ";"TO";"2"
"52038      ";"COLCELLALTO                   ";"AR";"2"
"29020      ";"COLI                          ";"PC";"2"
"02022      ";"COLLALTO SABINO               ";"RI";"2"
"11016      ";"COLLE DEL PICCOLO SAN BERNARDO";"AO";"2"
"02020      ";"COLLE DI TORA                 ";"RI";"2"
"39030      ";"COLLE IN CASIES               ";"BZ";"2"
"39041      ";"COLLE ISARCO                  ";"BZ";"2"
"12020      ";"COLLE PREIT                   ";"CN";"2"
"12020      ";"COLLE SAN GIOVANNI            ";"CN";"2"
"32020      ";"COLLE SANTA LUCIA             ";"BL";"2"
"02020      ";"COLLEGIOVE                    ";"RI";"2"
"39053      ";"COLLEPIETRA                   ";"BZ";"2"
"36029      ";"COLLI ALTI                    ";"VI";"2"
"39030      ";"COLLI IN PUSTERIA             ";"BZ";"2"
"16030      ";"COMEGLIO                      ";"GE";"2"
"32040      ";"COMELICO SUPERIORE            ";"BL";"2"
"39030      ";"COMPLOI                       ";"BZ";"2"
"84010      ";"CONCA DEI MARINI              ";"SA";"2"
"50033      ";"CONIALE                       ";"FI";"2"
"90034      ";"CORLEONE                      ";"PA";"2"
"19018      ";"CORNIGLIA                     ";"SP";"2"
"47010      ";"CORNIOLO                      ";"FO";"2"
"47018      ";"CORNIOLO                      ";"FO";"2"
"12080      ";"CORSAGLIA                     ";"CN";"2"
"29020      ";"CORTE BRUGNATELLA             ";"PC";"2"
"39020      ";"CORTERASO                     ";"BZ";"2"
"32043      ";"CORTINA D'AMPEZZO             ";"BL";"2"
"32045      ";"COSTALISSOIO                  ";"BL";"2"
"32040      ";"COSTALTA                      ";"BL";"2"
"88836      ";"COTRONEI                      ";"KR";"2"
"28861      ";"CRAMPIOLO                     ";"VB";"2"
"13020      ";"CRAVAGLIANA                   ";"VC";"2"
"12030      ";"CRISSOLO                      ";"CN";"2"
"16010      ";"CROCEFIESCHI                  ";"GE";"2"
"39027      ";"CURON                         ";"BZ";"2"
"39027      ";"CURON VENOSTA                 ";"BZ";"2"
"28827      ";"CURSOLO-ORASSO                ";"VB";"2"
"25050      ";"CUSATO                        ";"BS";"2"
"51024      ";"CUTIGLIANO                    ";"PT";"2"
"32040      ";"DANTA DI CADORE               ";"BL";"2"
"19013      ";"DEIVA MARINA                  ";"SP";"2"
"39034      ";"DOBBIACO                      ";"BZ";"2"
"39034      ";"DOBBIACO NUOVO                ";"BZ";"2"
"38040      ";"DORA'                         ";"TN";"2"
"32040      ";"DOSOLEDO                      ";"BL";"2"
"38049      ";"DOSS                          ";"TN";"2"
"84019      ";"DRAGONEA                      ";"SA";"2"
"10089      ";"DRUSACCO                      ";"TO";"2"
"08040      ";"ELINI                         ";"NU";"2"
"08040      ";"ELINI                         ";"OG";"2"
"12020      ";"ELVA                          ";"CN";"2"
"39042      ";"EORES                         ";"BZ";"2"
"84010      ";"ERCHIE                        ";"SA";"2"
"91016      ";"ERICE VETTA                   ";"TP";"2"
"23805      ";"ERVE                          ";"LC";"2"
"08043      ";"ESCALAPLANO                   ";"CA";"2"
"09052      ";"ESCOLCA                       ";"CA";"2"
"25040      ";"FABREZZA                      ";"BS";"2"
"28827      ";"FALMENTA                      ";"VB";"2"
"41021      ";"FANANO                        ";"MO";"2"
"29023      ";"FARINI                        ";"PC";"2"
"16020      ";"FASCIA                        ";"GE";"2"
"96010      ";"FERLA                         ";"SR";"2"
"29024      ";"FERRIERE                      ";"PC";"2"
"02023      ";"FIAMIGNANO                    ";"RI";"2"
"39041      ";"FLERES                        ";"BZ";"2"
"09010      ";"FLUMINIMAGGIORE               ";"CA";"2"
"09010      ";"FLUMINIMAGGIORE               ";"CI";"2"
"13025      ";"FOBELLO                       ";"VC";"2"
"16020      ";"FONTANAROSSA                  ";"GE";"2"
"38020      ";"FONTI DI RABBI                ";"TN";"2"
"32040      ";"FORCELLA LAVARDET             ";"BL";"2"
"21010      ";"FORCORA                       ";"VA";"2"
"88837      ";"FORESTA                       ";"KR";"2"
"28863      ";"FORMAZZA                      ";"VB";"2"
"33020      ";"FORNI AVOLTRI                 ";"UD";"2"
"33024      ";"FORNI DI SOPRA                ";"UD";"2"
"28897      ";"FORNO                         ";"VB";"2"
"28020      ";"FORNO DI VALSTRONA            ";"VB";"2"
"32012      ";"FORNO DI ZOLDO                ";"BL";"2"
"39029      ";"FOSSALARA                     ";"BZ";"2"
"12082      ";"FRABOSA SOPRANA               ";"CN";"2"
"12083      ";"FRABOSA SOTTANA               ";"CN";"2"
"38049      ";"FRISANCHI                     ";"TN";"2"
"39027      ";"FROIA                         ";"BZ";"2"
"84010      ";"FURORE                        ";"SA";"2"
"33018      ";"FUSINE IN VALROMANA           ";"UD";"2"
"33018      ";"FUSINE LAGHI                  ";"UD";"2"
"08040      ";"GAIRO                         ";"NU";"2"
"08040      ";"GAIRO                         ";"OG";"2"
"39030      ";"GAIS                          ";"BZ";"2"
"25048      ";"GARDA                         ";"BS";"2"
"10039      ";"GAUNA                         ";"TO";"2"
"39050      ";"GEMEIER                       ";"BZ";"2"
"08030      ";"GERGEI                        ";"CA";"2"
"09020      ";"GESTURI                       ";"CA";"2"
"09020      ";"GESTURI                       ";"VS";"2"
"98050      ";"GINOSTRA                      ";"ME";"3"
"32041      ";"GIRALBA                       ";"BL";"2"
"08040      ";"GIRASOLE                      ";"NU";"2"
"08040      ";"GIRASOLE                      ";"OG";"2"
"39020      ";"GLORENZA                      ";"BZ";"2"
"39029      ";"GOMAGOI                       ";"BZ";"2"
"09040      ";"GONI                          ";"CA";"2"
"16020      ";"GORRETO                       ";"GE";"2"
"40046      ";"GRANAGLIONE                   ";"BO";"2"
"43032      ";"GRAVAGO                       ";"PR";"2"
"83030      ";"GRECI                         ";"AV";"2"
"29023      ";"GROPPALLO                     ";"PC";"2"
"83040      ";"GUARDIA LOMBARDI              ";"AV";"2"
"28828      ";"GURRO                         ";"VB";"2"
"12060      ";"IGLIANO                       ";"CN";"2"
"08040      ";"ILBONO                        ";"NU";"2"
"08040      ";"ILBONO                        ";"OG";"2"
"28816      ";"INTRAGNA                      ";"VB";"2"
"08033      ";"ISILI                         ";"CA";"2"
"71040      ";"ISOLE TREMITI                 ";"FG";"3"
"08044      ";"JERZU                         ";"NU";"2"
"08044      ";"JERZU                         ";"OG";"2"
"25040      ";"LA RESEGA                     ";"BS";"2"
"39030      ";"LA VALLE                      ";"BZ";"2"
"39020      ";"LA VALLE                      ";"BZ";"2"
"83046      ";"LACEDONIA                     ";"AV";"2"
"39027      ";"LAGO DI MUTA                  ";"BZ";"2"
"39020      ";"LAGO DI VERNAGO               ";"BZ";"2"
"92031      ";"LAMPEDUSA                     ";"AG";"3"
"08045      ";"LANUSEI                       ";"NU";"2"
"08045      ";"LANUSEI                       ";"OG";"2"
"39030      ";"LAPPAGO                       ";"BZ";"2"
"39030      ";"LAPPAGO DI SOPRA              ";"BZ";"2"
"39030      ";"LAPPAGO DI SOTTO              ";"BZ";"2"
"39023      ";"LASA                          ";"BZ";"2"
"39024      ";"LAUDES                        ";"BZ";"2"
"39040      ";"LAUREGNO                      ";"BZ";"2"
"39050      ";"LAVINA BIANCA                 ";"BZ";"2"
"38020      ";"LE CASE                       ";"TN";"2"
"38020      ";"LE GANE                       ";"TN";"2"
"25050      ";"LECANU'                       ";"BS";"2"
"90025      ";"LERCARA FRIDDI                ";"PA";"2"
"19015      ";"LEVANTO                       ";"SP";"2"
"12070      ";"LEVICE                        ";"CN";"2"
"33014      ";"LIGOSULLO                     ";"UD";"2"
"92031      ";"LINOSA                        ";"AG";"3"
"23031      ";"LISCEDO                       ";"SO";"2"
"12070      ";"LISIO                         ";"CN";"2"
"32020      ";"LIVINALLONGO DEL COL DI LANA  ";"BL";"2"
"08040      ";"LOCERI                        ";"NU";"2"
"08040      ";"LOCERI                        ";"OG";"2"
"84011      ";"LONE                          ";"SA";"2"
"39030      ";"LONGEGA                       ";"BZ";"2"
"39030      ";"LONGIARU'                     ";"BZ";"2"
"02020      ";"LONGONE SABINO                ";"RI";"2"
"12029      ";"LOTTULO                       ";"CN";"2"
"08040      ";"LOTZORAI                      ";"NU";"2"
"08040      ";"LOTZORAI                      ";"OG";"2"
"10039      ";"LUGNACCO                      ";"TO";"2"
"39030      ";"LUNZ                          ";"BZ";"2"
"39030      ";"LUTAGO                        ";"BZ";"2"
"12020      ";"MACRA                         ";"CN";"2"
"28876      ";"MACUGNAGA                     ";"VB";"2"
"23031      ";"MADONNA                       ";"SO";"2"
"39020      ";"MADONNA                       ";"BZ";"2"
"28894      ";"MADONNA DEL SASSO             ";"VB";"2"
"38040      ";"MALGA CAMPO LUSERNA           ";"TN";"2"
"38035      ";"MALGA PANNA                   ";"TN";"2"
"12073      ";"MALPOTREMO                    ";"CN";"2"
"19017      ";"MANAROLA                      ";"SP";"2"
"07010      ";"MARA                          ";"SS";"2"
"02020      ";"MARCETELLI                    ";"RI";"2"
"80061      ";"MARCIANO                      ";"NA";"2"
"39030      ";"MAREBBE                       ";"BZ";"2"
"39040      ";"MARETA                        ";"BZ";"2"
"38020      ";"MARILLEVA 1400                ";"TN";"2"
"80061      ";"MARINA DELLA LOBRA            ";"NA";"2"
"80063      ";"MARINA DI CASSANO             ";"NA";"2"
"80061      ";"MARINA DI PUOLO               ";"NA";"2"
"12020      ";"MARMORA                       ";"CN";"2"
"50034      ";"MARRADI                       ";"FI";"2"
"12060      ";"MARSAGLIA                     ";"CN";"2"
"39020      ";"MARTELLO                      ";"BZ";"2"
"39021      ";"MARTELLO                      ";"BZ";"2"
"39016      ";"MASI PILSEN                   ";"BZ";"2"
"39020      ";"MASO CORTO                    ";"BZ";"2"
"39027      ";"MASO DEL PRATO                ";"BZ";"2"
"80061      ";"MASSA LUBRENSE                ";"NA";"2"
"83040      ";"MATTINELLA                    ";"AV";"2"
"39024      ";"MAZIA                         ";"BZ";"2"
"33020      ";"MEDIIS                        ";"UD";"2"
"39027      ";"MELAGO                        ";"BZ";"2"
"18025      ";"MENDATICA                     ";"IM";"2"
"38049      ";"MENEGOLLI                     ";"TN";"2"
"80062      ";"META                          ";"NA";"2"
"02010      ";"MICIGLIANO                    ";"RI";"2"
"38049      ";"MIGAZZONE                     ";"TN";"2"
"84010      ";"MINORI                        ";"SA";"2"
"17040      ";"MIOGLIA                       ";"SV";"2"
"38042      ";"MIOLA                         ";"TN";"2"
"33025      ";"MIONE                         ";"UD";"2"
"10055      ";"MOCCHIE                       ";"TO";"2"
"84019      ";"MOLINA                        ";"SA";"2"
"39032      ";"MOLINI DI TURES               ";"BZ";"2"
"12070      ";"MOMBARCARO                    ";"CN";"2"
"12070      ";"MOMBASIGLIO                   ";"CN";"2"
"02040      ";"MOMPEO                        ";"RI";"2"
"43010      ";"MONCHIO DELLE CORTI           ";"PR";"2"
"16030      ";"MONEGLIA                      ";"GE";"2"
"18010      ";"MONESI DI TRIORA              ";"IM";"2"
"39035      ";"MONGUELFO-TESIDO              ";"BZ";"2"
"83030      ";"MONTAGUTO                     ";"AV";"2"
"38040      ";"MONTALBIANO                   ";"TN";"2"
"25050      ";"MONTE CAMPIONE                ";"BS";"2"
"39050      ";"MONTE CATINO                  ";"BZ";"2"
"36030      ";"MONTE DI MALO                 ";"VI";"2"
"39028      ";"MONTE DI MEZZODI'             ";"BZ";"2"
"39028      ";"MONTE DI TRAMONTANA           ";"BZ";"2"
"47018      ";"MONTE GUIDI                   ";"FO";"2"
"39038      ";"MONTE SAN CANDIDO             ";"BZ";"2"
"80066      ";"MONTECHIARO                   ";"NA";"2"
"39026      ";"MONTECHIARO                   ";"BZ";"2"
"18025      ";"MONTEGROSSO PIAN LATTE        ";"IM";"2"
"52038      ";"MONTERONE                     ";"AR";"2"
"19016      ";"MONTEROSSO AL MARE            ";"SP";"2"
"60041      ";"MONTEROSSO STAZIONE           ";"AN";"2"
"83049      ";"MONTEVERDE                    ";"AV";"2"
"80061      ";"MONTICCHIO DI MASSA LUBRENSE  ";"NA";"2"
"29020      ";"MORFASSO                      ";"PC";"2"
"28838      ";"MOTTARONE                     ";"VB";"2"
"10081      ";"MURIAGLIO                     ";"TO";"2"
"80061      ";"NERANO                        ";"NA";"2"
"02020      ";"NESPOLO                       ";"RI";"2"
"38020      ";"NISTELLA                      ";"TN";"2"
"17040      ";"OLBA                          ";"SV";"2"
"12030      ";"ONCINO                        ";"CN";"2"
"39023      ";"ORIS                          ";"BZ";"2"
"08030      ";"ORROLI                        ";"NU";"2"
"09061      ";"ORROLI                        ";"CA";"2"
"39029      ";"ORTLES                        ";"BZ";"2"
"02035      ";"ORVINIO                       ";"RI";"2"
"08040      ";"OSINI                         ";"NU";"2"
"08040      ";"OSINI                         ";"OG";"2"
"12030      ";"OSTANA                        ";"CN";"2"
"29026      ";"OTTONE                        ";"PC";"2"
"32040      ";"PADOLA                        ";"BL";"2"
"02020      ";"PAGANICO SABINO               ";"RI";"2"
"12029      ";"PAGLIERES                     ";"CN";"2"
"12029      ";"PAGLIERO CHIESA               ";"CN";"2"
"96010      ";"PALAZZOLO ACREIDE             ";"SR";"2"
"50035      ";"PALAZZUOLO SUL SENIO          ";"FI";"2"
"39027      ";"PALLA BIANCA                  ";"BZ";"2"
"88818      ";"PALLAGORIO                    ";"KR";"2"
"12087      ";"PAMPARATO                     ";"CN";"2"
"38037      ";"PANEVEGGIO                    ";"TN";"2"
"18020      ";"PANTASINA                     ";"IM";"2"
"12070      ";"PAROLDO                       ";"CN";"2"
"38060      ";"PASSO BOCCA DI NAVENE         ";"TN";"2"
"38060      ";"PASSO BORDALA                 ";"TN";"2"
"38086      ";"PASSO CAMPO CARLO MAGNO       ";"TN";"2"
"38100      ";"PASSO CIMIRLO                 ";"TN";"2"
"32030      ";"PASSO CROCE D'AUNE            ";"BL";"2"
"38053      ";"PASSO DEL BROCON              ";"TN";"2"
"25056      ";"PASSO DEL TONALE              ";"BS";"2"
"38029      ";"PASSO DEL TONALE              ";"TN";"2"
"38060      ";"PASSO DELLA BORCOLA           ";"TN";"2"
"32040      ";"PASSO DELLA MAURIA            ";"BL";"2"
"25040      ";"PASSO DELLA PRESOLANA         ";"BG";"2"
"38036      ";"PASSO DI COSTALUNGA           ";"TN";"2"
"32043      ";"PASSO DI FALZAREGO            ";"BL";"2"
"25056      ";"PASSO DI GAVIA                ";"BS";"2"
"38099      ";"PASSO DI LAVAZE'              ";"TN";"2"
"38030      ";"PASSO DI LAVAZE'              ";"TN";"2"
"39040      ";"PASSO DI OCLINI               ";"BZ";"2"
"33016      ";"PASSO DI PRAMOLLO             ";"UD";"2"
"39027      ";"PASSO DI RESIA                ";"BZ";"2"
"31030      ";"PASSO DI SAN BOLDO            ";"TV";"2"
"32020      ";"PASSO DI VALLES               ";"BL";"2"
"32020      ";"PASSO DI VALPAROLA            ";"BL";"2"
"33026      ";"PASSO MONTECROCE CARNICO      ";"UD";"2"
"29022      ";"PASSO PENICE                  ";"PC";"2"
"32020      ";"PASSO PORDOI                  ";"BL";"2"
"38037      ";"PASSO ROLLE                   ";"TN";"2"
"38035      ";"PASSO SAN PELLEGRINO          ";"TN";"2"
"38032      ";"PASSO SELLA                   ";"TN";"2"
"38086      ";"PATASCOSS                     ";"TN";"2"
"07016      ";"PATTADA                       ";"SS";"2"
"33027      ";"PAULARO                       ";"UD";"2"
"39030      ";"PEDEROA                       ";"BZ";"2"
"39036      ";"PEDRACES                      ";"BZ";"2"
"39027      ";"PEDROSS                       ";"BZ";"2"
"38024      ";"PEJO FONTI                    ";"TN";"2"
"38020      ";"PENASA                        ";"TN";"2"
"39030      ";"PERCA                         ";"BZ";"2"
"08046      ";"PERDASDEFOGU                  ";"NU";"2"
"08046      ";"PERDASDEFOGU                  ";"OG";"2"
"33020      ";"PESARIIS                      ";"UD";"2"
"88837      ";"PETILIA POLICASTRO            ";"KR";"2"
"25056      ";"PEZZO                         ";"BS";"2"
"12070      ";"PEZZOLO VALLE UZZONE          ";"CN";"2"
"17046      ";"PIAMPALUDO                    ";"SV";"2"
"38049      ";"PIAN DEI PRADI                ";"TN";"2"
"16045      ";"PIAN DELLA CHIESA             ";"GE";"2"
"28894      ";"PIANA DEI MONTI               ";"VB";"2"
"33081      ";"PIANCAVALLO                   ";"PN";"2"
"28824      ";"PIANCAVALLO                   ";"VB";"2"
"16040      ";"PIANDIFIENO                   ";"GE";"2"
"33020      ";"PIANI DI LUZZA                ";"UD";"2"
"33022      ";"PIANO D'ARTA                  ";"UD";"2"
"32016      ";"PIANO DEL CANSIGLIO           ";"BL";"2"
"12030      ";"PIANO DELLA REGINA            ";"CN";"2"
"80063      ";"PIANO DI SORRENTO             ";"NA";"2"
"38020      ";"PIAZZOLA                      ";"TN";"2"
"39030      ";"PICCOLINO                     ";"BZ";"2"
"13812      ";"PIEDICAVALLO                  ";"BI";"2"
"33020      ";"PIERABEC                      ";"UD";"2"
"12010      ";"PIETRAPORZIO                  ";"CN";"2"
"41027      ";"PIEVEPELAGO                   ";"MO";"2"
"18037      ";"PIGNA                         ";"IM";"2"
"11100      ";"PILA                          ";"AO";"2"
"39020      ";"PINALTO                       ";"BZ";"2"
"43032      ";"PIONE                         ";"PR";"2"
"39029      ";"PIZZO FORCOLA                 ";"BZ";"2"
"39024      ";"PLANOL                        ";"BZ";"2"
"39013      ";"PLATA                         ";"BZ";"2"
"84011      ";"POGEROLA                      ";"SA";"2"
"47018      ";"POGGIO ALLA LASTRA            ";"FO";"2"
"38020      ";"PONTARA                       ";"TN";"2"
"25040      ";"PONTE                         ";"BS";"2"
"25056      ";"PONTE DI LEGNO                ";"BS";"2"
"39029      ";"PONTE STELVIO                 ";"BZ";"2"
"12020      ";"PONTECHIANALE                 ";"CN";"2"
"04027      ";"PONZA                         ";"LT";"3"
"18024      ";"PORNASSIO                     ";"IM";"2"
"84017      ";"POSITANO                      ";"SA";"2"
"02019      ";"POSTA                         ";"RI";"2"
"38020      ";"POZZE                         ";"TN";"2"
"12027      ";"PRADLEVES                     ";"CN";"2"
"29023      ";"PRADOVERA                     ";"PC";"2"
"38049      ";"PRAI                          ";"TN";"2"
"84010      ";"PRAIANO                       ";"SA";"2"
"10060      ";"PRALI                         ";"TO";"2"
"38020      ";"PRALONGO                      ";"TN";"2"
"33016      ";"PRAMOLLO                      ";"UD";"2"
"39049      ";"PRATI                         ";"BZ";"2"
"39038      ";"PRATO ALLA DRAVA              ";"BZ";"2"
"39026      ";"PRATO ALLO STELVIO            ";"BZ";"2"
"12083      ";"PRATO NEVOSO                  ";"CN";"2"
"16041      ";"PRATO SOPRALACROCE            ";"GE";"2"
"12028      ";"PRAZZO                        ";"CN";"2"
"25056      ";"PRECASAGLIO                   ";"BS";"2"
"39030      ";"PREDOI                        ";"BZ";"2"
"33020      ";"PREONE                        ";"UD";"2"
"12070      ";"PRIERO                        ";"CN";"2"
"12070      ";"PRIERO MONTEZEMOLO            ";"CN";"2"
"80067      ";"PRIORA                        ";"NA";"2"
"90038      ";"PRIZZI                        ";"PA";"2"
"39040      ";"PROVES                        ";"BZ";"2"
"39040      ";"PRUNO                         ";"BZ";"2"
"38020      ";"RABBI                         ";"TN";"2"
"39040      ";"RACINES                       ";"BZ";"2"
"39030      ";"RASUN DI SOPRA                ";"BZ";"2"
"39030      ";"RASUN DI SOTTO                ";"BZ";"2"
"39030      ";"RASUN VALDAORA                ";"BZ";"2"
"39030      ";"RASUN-ANTERSELVA              ";"BZ";"2"
"39020      ";"RATTISIO NUOVO                ";"BZ";"2"
"39020      ";"RATTISIO VECCHIO              ";"BZ";"2"
"33020      ";"RAVASCLETTO                   ";"UD";"2"
"84010      ";"RAVELLO                       ";"SA";"2"
"32041      ";"REANE                         ";"BL";"2"
"36076      ";"RECOARO MILLE                 ";"VI";"2"
"39040      ";"REDAGNO                       ";"BZ";"2"
"16040      ";"REPPIA                        ";"GE";"2"
"33010      ";"RESIA                         ";"UD";"2"
"39027      ";"RESIA                         ";"BZ";"2"
"16048      ";"REZZOAGLIO                    ";"GE";"2"
"39040      ";"RIDANNA                       ";"BZ";"2"
"39030      ";"RIFUGIO PASSO PONTE DI GHIACCI";"BZ";"2"
"33020      ";"RIGOLATO                      ";"UD";"2"
"13029      ";"RIMA SAN GIUSEPPE             ";"VC";"2"
"39030      ";"RINA                          ";"BZ";"2"
"39030      ";"RIOBIANCO                     ";"BZ";"2"
"19017      ";"RIOMAGGIORE                   ";"SP";"2"
"39031      ";"RISCONE                       ";"BZ";"2"
"12010      ";"RITTANA                       ";"CN";"2"
"39032      ";"RIVA DI TURES                 ";"BZ";"2"
"12080      ";"ROBURENT                      ";"CN";"2"
"88835      ";"ROCCABERNARDA                 ";"KR";"2"
"12050      ";"RODDINO                       ";"CN";"2"
"16040      ";"ROMAGGI                       ";"GE";"2"
"16025      ";"RONDANINA                     ";"GE";"2"
"16028      ";"ROVEGNO                       ";"GE";"2"
"25050      ";"RUCCA                         ";"BS";"2"
"10010      ";"RUEGLIO                       ";"TO";"2"
"38010      ";"RUFFRE'                       ";"TN";"2"
"38010      ";"RUFFRE'-MENDOLA               ";"TN";"2"
"39030      ";"RUMESTLUNS                    ";"BZ";"2"
"38049      ";"SADLERI                       ";"TN";"2"
"38050      ";"SAGRON MIS                    ";"TN";"2"
"23805      ";"SAINA                         ";"LC";"2"
"11010      ";"SAINT-RHEMY-EN-BOSSES         ";"AO";"2"
"29024      ";"SALSOMINORE                   ";"PC";"2"
"51020      ";"SAMBUCA PISTOIESE             ";"PT";"2"
"12010      ";"SAMBUCO                       ";"CN";"2"
"12010      ";"SAMBUCO PIETRAPORZIO          ";"CN";"2"
"12020      ";"SAMPEYRE                      ";"CN";"2"
"38020      ";"SAN BERNARDO                  ";"TN";"2"
"31030      ";"SAN BOLDO                     ";"TV";"2"
"39038      ";"SAN CANDIDO                   ";"BZ";"2"
"39036      ";"SAN CASSIANO                  ";"BZ";"2"
"39050      ";"SAN CIPRIANO                  ";"BZ";"2"
"12029      ";"SAN DAMIANO MACRA             ";"CN";"2"
"71040      ";"SAN DOMINO                    ";"FG";"3"
"39030      ";"SAN GIACOMO IN VALLE AURINA   ";"BZ";"2"
"39031      ";"SAN GIORGIO                   ";"BZ";"2"
"39030      ";"SAN GIOVANNI IN VALLE AURINA  ";"BZ";"2"
"10010      ";"SAN MARTINO CANAVESE          ";"TO";"2"
"39030      ";"SAN MARTINO IN BADIA          ";"BZ";"2"
"39030      ";"SAN MARTINO IN CASIES         ";"BZ";"2"
"12028      ";"SAN MICHELE PRAZZO            ";"CN";"2"
"71040      ";"SAN NICOLA                    ";"FG";"3"
"88817      ";"SAN NICOLA DELL'ALTO          ";"KR";"2"
"09040      ";"SAN NICOLO' GERREI            ";"CA";"2"
"39010      ";"SAN PANCRAZIO                 ";"BZ";"2"
"55033      ";"SAN PELLEGRINO IN ALPE        ";"LU";"2"
"10054      ";"SAN SICARIO                   ";"TO";"2"
"39027      ";"SAN VALENTINO ALLA MUTA       ";"BZ";"2"
"09040      ";"SAN VITO                      ";"CA";"2"
"32046      ";"SAN VITO                      ";"BL";"2"
"80061      ";"SANT'AGATA SUI DUE GOLFI      ";"NA";"2"
"80065      ";"SANT'AGNELLO                  ";"NA";"2"
"83053      ";"SANT'ANDREA DI CONZA          ";"AV";"2"
"25056      ";"SANT'APOLLONIA                ";"BS";"2"
"25056      ";"SANTA MARIA ASSUNTA           ";"BS";"2"
"29020      ";"SANTA MARIA DI BOBBIO         ";"PC";"2"
"88832      ";"SANTA SEVERINA                ";"KR";"2"
"39016      ";"SANTA VALBURGA                ";"BZ";"2"
"16049      ";"SANTO STEFANO D'AVETO         ";"GE";"2"
"32045      ";"SANTO STEFANO DI CADORE       ";"BL";"2"
"33012      ";"SAPPADA                       ";"UD";"2"
"40022      ";"SASSOLEONE                    ";"BO";"2"
"33020      ";"SAURIS                        ";"UD";"2"
"33020      ";"SAURIS DI SOPRA               ";"UD";"2"
"33020      ";"SAURIS DI SOTTO               ";"UD";"2"
"88825      ";"SAVELLI                       ";"KR";"2"
"83030      ";"SAVIGNANO IRPINO              ";"AV";"2"
"25040      ";"SAVIORE                       ";"BS";"2"
"25040      ";"SAVIORE DELL'ADAMELLO         ";"BS";"2"
"12070      ";"SCAGNELLO                     ";"CN";"2"
"83050      ";"SCAMPITELLA                   ";"AV";"2"
"88831      ";"SCANDALE                      ";"KR";"2"
"02038      ";"SCANDRIGLIA                   ";"RI";"2"
"38020      ";"SCOLARI                       ";"TN";"2"
"38068      ";"SEGA                          ";"TN";"2"
"38060      ";"SEGA                          ";"TN";"2"
"80066      ";"SEIANO                        ";"NA";"2"
"33061      ";"SELLA                         ";"UD";"2"
"33010      ";"SELLA NEVEA                   ";"UD";"2"
"39030      ";"SELVA DEI MOLINI              ";"BZ";"2"
"39020      ";"SENALES                       ";"BZ";"2"
"39025      ";"SENALES                       ";"BZ";"2"
"83050      ";"SENERCHIA                     ";"AV";"2"
"38020      ";"SERRA                         ";"TN";"2"
"52038      ";"SESTINO                       ";"AR";"2"
"39030      ";"SESTO                         ";"BZ";"2"
"09029      ";"SETZU                         ";"CA";"2"
"09029      ";"SETZU                         ";"VS";"2"
"08037      ";"SEUI                          ";"NU";"2"
"08037      ";"SEUI                          ";"OG";"2"
"38040      ";"SICINA                        ";"TN";"2"
"09040      ";"SILIUS                        ";"CA";"2"
"39040      ";"SIUSI                         ";"BZ";"2"
"39024      ";"SLINGIA                       ";"BZ";"2"
"39020      ";"SLUDERNO                      ";"BZ";"2"
"39029      ";"SOLDA                         ";"BZ";"2"
"38020      ";"SOMRABBI                      ";"TN";"2"
"80067      ";"SORRENTO                      ";"NA";"2"
"38035      ";"SORTE                         ";"TN";"2"
"39029      ";"SOTTOSTELVIO                  ";"BZ";"2"
"25056      ";"SOZZINE                       ";"BS";"2"
"47018      ";"SPINELLO                      ";"FO";"2"
"39020      ";"SPONDIGNA                     ";"BZ";"2"
"39029      ";"STELVIO                       ";"BZ";"2"
"33010      ";"STOLVIZZA                     ";"UD";"2"
"12020      ";"STROPPO                       ";"CN";"2"
"33016      ";"STUDENA ALTA                  ";"UD";"2"
"33016      ";"STUDENA BASSA                 ";"UD";"2"
"67020      ";"SUCCIANO                      ";"AQ";"2"
"33020      ";"SUTRIO                        ";"UD";"2"
"39040      ";"TAGUSA                        ";"BZ";"2"
"32010      ";"TAMBRE                        ";"BL";"2"
"39023      ";"TANAS                         ";"BZ";"2"
"39024      ";"TARCES                        ";"BZ";"2"
"38020      ";"TASSE'                        ";"TN";"2"
"25050      ";"TEMU'                         ";"BS";"2"
"12088      ";"TERME DI LURISIA              ";"CN";"2"
"12010      ";"TERME DI VALDIERI             ";"CN";"2"
"80061      ";"TERMINI                       ";"NA";"2"
"08047      ";"TERTENIA                      ";"NU";"2"
"08047      ";"TERTENIA                      ";"OG";"2"
"39035      ";"TESIDO                        ";"BZ";"2"
"17020      ";"TESTICO                       ";"SV";"2"
"09019      ";"TEULADA                       ";"CA";"2"
"38049      ";"TIECHERI                      ";"TN";"2"
"16010      ";"TIGLIETO                      ";"GE";"2"
"67020      ";"TIONE DEGLI ABRUZZI           ";"AQ";"2"
"39050      ";"TIRES                         ";"BZ";"2"
"39030      ";"TOLPEI                        ";"BZ";"2"
"43059      ";"TORNOLO                       ";"PR";"2"
"12070      ";"TORRE UZZONE                  ";"CN";"2"
"12070      ";"TORRESINA                     ";"CN";"2"
"16029      ";"TORRIGLIA                     ";"GE";"2"
"29024      ";"TORRIO CASETTA                ";"PC";"2"
"29024      ";"TORRIO SOPRA                  ";"PC";"2"
"08048      ";"TORTOLI'                      ";"NU";"2"
"08048      ";"TORTOLI'                      ";"OG";"2"
"39029      ";"TRAFOI                        ";"BZ";"2"
"12075      ";"TRAPPA                        ";"CN";"2"
"10080      ";"TRAVERSELLA                   ";"TO";"2"
"71040      ";"TREMITI ISOLE                 ";"FG";"3"
"83058      ";"TREVICO                       ";"AV";"2"
"08040      ";"TRIEI                         ";"NU";"2"
"08040      ";"TRIEI                         ";"OG";"2"
"18010      ";"TRIORA                        ";"IM";"2"
"39020      ";"TUBRE                         ";"BZ";"2"
"02020      ";"TURANIA                       ";"RI";"2"
"39010      ";"TUSELE                        ";"BZ";"2"
"08040      ";"ULASSAI                       ";"NU";"2"
"08040      ";"ULASSAI                       ";"OG";"2"
"39016      ";"ULTIMO                        ";"BZ";"2"
"39024      ";"ULTIMO                        ";"BZ";"2"
"71018      ";"UMBRA                         ";"FG";"2"
"17048      ";"URBE                          ";"SV";"2"
"08040      ";"USSASSAI                      ";"NU";"2"
"08040      ";"USSASSAI                      ";"OG";"2"
"12028      ";"USSOLO                        ";"CN";"2"
"90051      ";"USTICA                        ";"PA";"3"
"33029      ";"VAL                           ";"UD";"2"
"10039      ";"VAL DI CHY                    ";"TO";"2"
"39049      ";"VAL DI VIZZE                  ";"BZ";"2"
"25056      ";"VALBIONE                      ";"BS";"2"
"16010      ";"VALBREVENNA                   ";"GE";"2"
"10089      ";"VALCHIUSA                     ";"TO";"2"
"39030      ";"VALDAORA                      ";"BZ";"2"
"39030      ";"VALDAORA DI MEZZO             ";"BZ";"2"
"39030      ";"VALDAORA DI SOPRA             ";"BZ";"2"
"39030      ";"VALDAORA DI SOTTO             ";"BZ";"2"
"13018      ";"VALDUGGIA                     ";"VC";"2"
"38040      ";"VALFLORIANA                   ";"TN";"2"
"83059      ";"VALLATA                       ";"AV";"2"
"39030      ";"VALLE AURINA                  ";"BZ";"2"
"25040      ";"VALLE DI SAVIORE              ";"BS";"2"
"39034      ";"VALLE SAN SILVESTRO           ";"BZ";"2"
"39027      ";"VALLELUNGA                    ";"BZ";"2"
"16010      ";"VALLENZONA                    ";"GE";"2"
"83050      ";"VALLESACCARDA                 ";"AV";"2"
"12022      ";"VALMALA                       ";"CN";"2"
"43050      ";"VALMOZZOLA                    ";"PR";"2"
"10080      ";"VALPRATO                      ";"TO";"2"
"10080      ";"VALPRATO SOANA                ";"TO";"2"
"25040      ";"VALSAVIORE                    ";"BS";"2"
"38100      ";"VANEZE                        ";"TN";"2"
"17048      ";"VARA SUPERIORE                ";"SV";"2"
"21033      ";"VARARO                        ";"VA";"2"
"02020      ";"VARCO SABINO                  ";"RI";"2"
"43049      ";"VARSI                         ";"PR";"2"
"38100      ";"VASON                         ";"TN";"2"
"21010      ";"VEDDASCA                      ";"VA";"2"
"39010      ";"VEDETTA ALTA                  ";"BZ";"2"
"39016      ";"VEDETTA ALTA                  ";"BZ";"2"
"16030      ";"VELVA                         ";"GE";"2"
"04031      ";"VENTOTENE                     ";"LT";"3"
"39020      ";"VERNAGO                       ";"BZ";"2"
"19018      ";"VERNAZZA                      ";"SP";"2"
"32043      ";"VEROCAI                       ";"BL";"2"
"39038      ";"VERSCIACO                     ";"BZ";"2"
"39038      ";"VERSCIACO DI SOPRA            ";"BZ";"2"
"39038      ";"VERSCIACO DI SOTTO            ";"BZ";"2"
"88819      ";"VERZINO                       ";"KR";"2"
"39030      ";"VETTA D'ITALIA PICCO TRE SIGNO";"BZ";"2"
"84010      ";"VETTICA MAGGIORE              ";"SA";"2"
"10089      ";"VICO CANAVESE                 ";"TO";"2"
"80069      ";"VICO EQUENSE                  ";"NA";"2"
"84019      ";"VIETRI SUL MARE               ";"SA";"2"
"07030      ";"VIGNOLA LU COLBU              ";"OT";"2"
"10080      ";"VILLA CASTELNUOVO             ";"TO";"2"
"39050      ";"VILLA DI MEZZO                ";"BZ";"2"
"39030      ";"VILLA OTTONE                  ";"BZ";"2"
"39031      ";"VILLA SANTA CATERINA          ";"BZ";"2"
"39039      ";"VILLABASSA                    ";"BZ";"2"
"38040      ";"VILLAGGIO                     ";"TN";"2"
"32040      ";"VILLAGGIO TURISTICO DI BORCA D";"BL";"2"
"08030      ";"VILLANOVA TULO                ";"NU";"2"
"09066      ";"VILLANOVA TULO                ";"OR";"2"
"32041      ";"VILLAPICCOLA                  ";"BL";"2"
"09040      ";"VILLASALTO                    ";"CA";"2"
"12010      ";"VINADIO                       ";"CN";"2"
"12070      ";"VIOLA                         ";"CN";"2"
"16010      ";"VOBBIA                        ";"GE";"2"
"15060      ";"VOLTAGGIO                     ";"AL";"2"
"38020      ";"ZANON                         ";"TN";"2"
"38030      ";"ZANON                         ";"TN";"2"
"29020      ";"ZERBA                         ";"PC";"2"
"25056      ";"ZOANNO                        ";"BS";"2"
"38020      ";"ZODI                          ";"TN";"2"
"25050      ";"ZONE                          ";"BS";"2"
"32010      ";"ZOPPE' DI CADORE              ";"BL";"2"
"32043      ";"ZUEL                          ";"BL";"2"
